idade,salario,divida,risco
51,153286.88,480005.35,1
57,172943.83,283420.44,0
38,123750.93,170349.95,0
19,48508.3,199981.15,1
38,176877.04,176558.21,0
58,181908.2,366208.73,0
23,175718.44,241453.83,0
29,161981.43,83628.12,0
48,51957.81,308035.84,1
40,112305.9,79098.93,0
64,6431.32,2990.57,0
65,126872.47,368672.46,1
19,88733.52,263352.06,1
33,41764.14,360950.54,1
44,162401.02,387715.79,1
41,143859.79,187813.06,0
36,187306.96,240945.42,0
24,92058.42,334147.31,1
58,151415.28,211405.48,0
41,13984.88,122675.92,1
22,68819.87,461510.37,1
40,107155.2,437307.11,1
28,82355.48,469686.13,1
62,146233.34,13464.12,0
51,12009.17,439549.58,1
27,24146.56,306973.18,1
33,27715.15,227401.29,1
37,90899.5,420207.63,1
45,128039.57,360511.8,1
60,173545.52,403968.67,1
64,97747.66,454034.06,1
48,50464.18,117280.29,0
64,194476.11,210432.74,0
40,178703.51,39128.82,0
33,118816.92,363163.66,1
41,158734.09,107337.12,0
40,155560.05,46543.27,0
37,42872.29,221078.32,1
28,61595.23,479753.16,1
31,31825.37,167083.02,1
39,77416.54,450606.04,1
40,168367.74,380857.54,0
64,199543.56,499351.48,1
32,33212.34,227879.87,1
32,43077.0,124472.59,1
53,183479.14,334591.02,0
38,32128.92,83574.15,1
54,166109.39,136498.04,0
37,104946.49,382598.48,1
46,38025.15,452126.83,1
57,78372.22,164893.25,0
26,138543.41,408134.35,1
35,71592.1,226188.26,1
41,190794.38,262355.65,0
28,38350.93,75342.11,0
20,93437.28,379372.83,1
58,145086.8,88453.25,0
63,139666.03,402519.57,1
59,107181.68,44982.56,0
56,171797.69,374148.01,0
34,187552.5,403942.63,0
33,142667.78,8105.23,0
30,69753.21,42432.25,0
65,197199.53,33129.72,0
50,89603.98,276169.01,1
47,57095.53,498244.08,1
64,58506.84,492416.62,1
40,54870.19,329729.59,1
34,29223.02,409641.7,1
57,22492.25,218821.3,1
49,85208.16,148874.59,0
31,130176.06,272981.43,0
33,41415.37,226859.6,1
60,112965.17,407711.33,1
26,96801.55,53941.54,0
34,172779.18,364296.03,0
61,116786.8,79230.2,0
36,41716.53,243013.11,1
27,16333.4,19055.58,0
30,128411.41,383670.16,1
36,199967.03,469534.03,0
20,18986.08,204785.01,1
35,117619.03,239498.42,0
63,150731.74,247473.9,0
50,56819.74,205680.28,1
34,145523.09,14473.43,0
54,50457.13,458449.3,1
35,35279.45,110482.35,1
26,65535.21,305201.01,1
45,112188.87,133147.69,0
43,186708.44,67414.76,0
62,139952.54,422104.42,1
55,163060.08,124359.09,0
57,74540.35,75268.01,0
42,110797.92,150119.46,0
33,177340.14,360017.62,0
20,154341.69,307091.36,0
36,107415.65,153062.89,0
21,125384.37,226144.31,0
32,125713.94,496045.39,1
55,89819.11,130023.04,0
65,57500.52,313046.39,1
38,26940.97,318797.91,1
64,47384.8,474926.33,1
19,172129.07,386032.34,0
42,109409.59,493461.96,1
22,20786.04,409997.43,1
28,66531.09,71429.8,0
57,87210.66,291214.71,1
28,31141.08,227850.34,1
57,87325.33,278685.34,1
35,48438.83,278446.63,1
38,49599.98,19502.01,0
55,137044.02,208578.34,0
56,95062.49,413246.16,1
23,114941.78,297436.68,0
42,98461.94,117772.54,0
31,167908.13,263708.17,0
36,179745.6,468323.25,1
63,57649.16,26244.94,0
26,144364.75,330615.73,0
19,13647.06,315215.64,1
49,74581.57,479102.76,1
60,49958.37,377296.65,1
63,176820.53,17485.73,0
23,158477.6,461550.27,1
47,30116.7,122611.7,1
23,48656.76,499267.79,1
37,170701.07,52488.29,0
59,118297.61,69551.02,0
40,29002.46,265097.99,1
51,19969.21,282544.47,1
61,163113.89,40728.88,0
37,19701.6,241397.87,1
41,85802.91,238117.59,1
45,193328.4,370182.34,0
28,194135.31,108679.34,0
50,10891.38,186550.38,1
49,5339.79,324335.45,1
55,196739.45,485093.53,1
63,93898.01,43583.61,0
26,101521.22,112483.91,0
57,197897.73,17600.48,0
31,126523.32,455666.27,1
23,103849.69,34326.99,0
45,143131.93,229318.16,0
44,129219.19,10338.34,0
20,89572.11,265518.72,1
59,123976.34,347932.11,1
34,26630.94,16158.33,0
34,186006.46,399655.95,0
55,14118.67,230498.09,1
60,33653.8,385255.23,1
59,38421.49,348461.35,1
32,164525.15,411580.3,1
63,125292.31,271863.44,0
18,6902.54,110142.81,1
51,193052.32,31591.35,0
31,191234.84,461626.26,0
62,155218.63,29781.3,0
27,12030.79,271944.91,1
53,42814.35,361353.87,1
27,130385.5,126120.43,0
22,152842.13,48148.41,0
57,169623.29,409180.8,1
57,193168.12,380519.59,0
65,116815.03,265823.61,1
54,81418.3,21910.08,0
64,64364.08,10070.84,0
58,72917.72,252175.5,1
25,181815.76,421692.72,0
36,87647.33,235456.87,1
40,174639.39,488403.43,1
20,90759.9,386253.76,1
53,170189.96,174916.51,0
50,128630.82,328740.08,1
20,15635.41,357916.79,1
26,165565.6,287922.08,0
58,37497.38,492935.62,1
33,162708.18,263279.76,0
63,167060.01,313840.19,0
25,62962.79,151351.79,0
48,199113.42,461338.26,0
22,104718.36,489421.83,1
43,36103.6,96876.62,1
27,140469.05,398514.39,1
44,59123.84,426397.53,1
59,33058.84,294193.64,1
28,164267.3,321209.8,0
57,159956.12,150463.66,0
27,11141.8,471049.95,1
44,64882.88,400992.6,1
39,194806.99,351241.54,0
60,136250.53,46920.53,0
39,157123.73,48708.78,0
56,96935.21,395749.56,1
23,106774.35,150077.44,0
51,7893.76,86852.37,1
61,149042.53,443878.1,1
51,48119.11,227845.82,1
61,143528.28,58049.66,0
55,174046.41,210606.98,0
54,136173.4,388137.17,1
63,128463.51,482649.41,1
46,144180.36,473575.32,1
32,73850.22,343346.53,1
18,37633.03,8225.19,0
44,105150.25,261877.59,1
56,46207.47,233928.38,1
22,58731.91,184693.24,1
52,199741.9,68066.17,0
58,48090.73,271366.4,1
44,82459.05,152729.04,0
54,163977.87,335734.87,0
41,80009.41,153795.64,0
59,141689.66,423522.62,1
34,113265.04,16708.24,0
63,61300.52,26060.78,0
44,108440.11,104287.34,0
43,187642.04,19978.24,0
63,22724.63,380683.44,1
26,85513.5,325173.88,1
33,175924.4,107815.94,0
47,17615.73,52430.46,1
30,77532.73,137716.79,0
48,195353.56,182105.03,0
21,44437.88,399049.6,1
64,192566.72,150438.78,0
64,137297.81,247188.7,0
63,31045.81,111316.67,1
44,56694.94,226768.09,1
56,186284.9,305271.71,0
19,89081.92,315294.08,1
23,160930.94,372415.27,0
33,46929.49,361856.72,1
42,81747.9,465026.52,1
50,183308.68,231097.05,0
61,19391.03,102456.54,1
51,166567.46,341513.03,0
30,177723.3,186481.27,0
47,34284.07,176935.92,1
24,59740.48,273823.25,1
52,197471.31,482373.37,1
45,136441.93,197551.99,0
34,121036.97,29376.35,0
56,83023.93,297548.07,1
41,107552.72,284015.09,1
23,134853.25,301187.86,0
46,143329.78,221635.68,0
20,198168.85,145994.56,0
28,167572.1,461951.55,1
65,177730.1,81591.29,0
60,59522.45,450108.58,1
52,53883.65,65850.37,0
40,83363.46,193972.65,0
35,62281.85,196394.2,1
32,70666.51,42930.1,0
20,129598.48,75527.4,0
27,130797.65,154018.87,0
49,106476.67,234928.21,0
51,126652.67,248944.27,0
65,180863.43,33989.92,0
43,93067.61,474756.42,1
26,120305.03,422412.41,1
23,98015.36,20946.84,0
51,46390.77,214890.82,1
36,187258.68,432014.26,0
47,67133.34,405654.17,1
36,36850.27,11209.85,0
33,146003.61,233605.65,0
33,99872.33,161940.22,0
28,139431.39,353165.09,0
62,62403.91,137213.28,0
37,188788.33,451826.34,0
35,183957.14,409519.11,0
51,150094.46,112388.32,0
25,100057.53,270406.12,1
24,51431.1,94583.09,0
26,182073.65,268945.43,0
19,64093.78,93962.54,0
33,171218.55,220992.43,0
29,108502.55,436258.93,1
24,70391.24,47149.44,0
27,117045.68,361470.51,1
32,89311.9,429364.93,1
19,71556.66,452370.73,1
19,172184.34,149491.93,0
50,14829.87,270041.22,1
42,118946.86,8761.79,0
49,146713.92,262645.5,0
64,21072.81,107485.49,1
43,106305.96,262685.06,1
35,117129.85,370715.72,1
34,111015.51,172935.84,0
37,194944.65,482786.99,1
54,124171.32,216323.75,0
32,150133.4,125629.44,0
18,110141.54,7961.27,0
52,157442.62,61771.08,0
38,195289.38,162299.54,0
45,142460.38,344347.75,1
41,61833.77,105716.03,0
58,172248.29,96527.29,0
19,53994.3,369990.53,1
52,162320.3,152379.74,0
45,187683.64,25928.76,0
30,79114.9,157757.23,0
25,186104.02,260121.61,0
22,65635.35,221380.32,1
48,127269.84,306356.4,1
58,192204.95,152111.1,0
42,187192.09,179331.42,0
40,13832.26,413640.87,1
22,174776.56,292040.36,0
48,22884.64,374541.67,1
31,16538.1,330147.71,1
41,169840.56,205291.61,0
23,39884.87,481341.64,1
64,93517.93,433556.89,1
56,150796.67,82592.66,0
42,126392.17,158350.18,0
23,17926.05,150083.07,1
49,145194.6,491218.63,1
30,121390.29,297836.86,0
26,128221.13,65646.23,0
61,155828.59,29699.27,0
51,74863.14,497419.12,1
28,153377.87,356829.82,0
43,46016.43,480345.37,1
44,144153.1,52301.39,0
18,136707.45,242164.84,0
60,123725.51,348770.53,1
50,138266.24,197942.12,0
56,77851.95,45218.22,0
39,50757.03,315426.31,1
31,17355.43,299501.42,1
24,169232.0,80850.58,0
41,155246.66,180850.78,0
36,109479.62,66157.69,0
54,156441.11,427390.07,1
42,154018.54,391575.6,1
25,145498.34,197137.54,0
49,189241.68,238428.83,0
38,185807.94,354345.63,0
55,89177.96,370773.9,1
35,64434.77,434409.43,1
41,187731.01,73687.21,0
39,185651.84,325813.26,0
45,170869.35,468373.52,1
19,193263.62,318852.83,0
33,67890.44,394221.78,1
43,172640.47,479353.06,1
40,11988.12,68126.38,1
61,62016.94,435275.41,1
55,89332.98,101775.91,0
43,157162.17,415116.87,1
51,73319.71,299251.19,1
31,5180.7,296845.65,1
61,150837.83,308232.29,0
51,116832.91,104844.28,0
49,172595.71,40793.61,0
36,56436.04,272695.76,1
39,39053.96,397977.58,1
49,95549.16,210815.14,0
34,92952.02,423676.99,1
34,70746.72,108075.0,0
32,167286.36,26407.71,0
34,115432.22,59952.09,0
39,158418.12,65999.39,0
47,52841.38,317922.62,1
22,108797.88,161525.53,0
65,166862.01,404278.33,1
25,131587.16,238964.99,0
51,191832.97,84228.92,0
21,178024.76,482414.64,1
23,83880.49,283875.52,1
18,109972.93,265741.49,0
35,178479.94,61849.24,0
21,73913.95,123174.08,0
34,78237.37,12897.98,0
25,108296.42,311339.04,1
61,101437.19,147479.28,0
52,99583.48,357434.06,1
36,165940.01,114773.71,0
62,85476.76,330938.39,1
54,8092.0,230029.41,1
42,188756.07,34151.48,0
57,22710.65,432302.96,1
29,44593.18,407576.85,1
32,36466.34,451276.91,1
45,119627.1,109791.76,0
60,23728.38,146854.9,1
24,174883.99,241513.65,0
27,29144.03,236898.69,1
21,124534.57,297370.35,0
59,63639.1,31266.62,0
31,148860.6,116680.73,0
30,10904.42,456234.51,1
28,112843.81,434674.16,1
47,132561.04,225154.31,0
51,79157.56,6898.91,0
49,41740.35,88199.56,0
31,8121.54,479982.2,1
34,27528.12,270380.59,1
47,78590.04,485713.64,1
42,70455.38,205044.92,1
33,186696.25,64581.89,0
30,31675.36,75667.17,0
32,17735.99,21665.29,0
45,29295.7,487121.86,1
20,42667.99,227015.65,1
55,120767.26,435885.18,1
54,69352.88,104979.85,0
22,92479.84,212983.45,0
41,46041.25,124373.56,1
38,165264.76,238785.85,0
56,8393.53,413450.94,1
22,75861.34,153815.14,0
63,80207.74,138256.06,0
58,148708.62,447841.0,1
39,147036.82,448224.41,1
37,191894.05,207581.69,0
31,144337.4,363743.38,1
31,176120.73,429254.09,0
32,112526.83,183114.94,0
25,87681.14,112168.56,0
18,155175.93,153316.58,0
59,99520.34,160885.39,0
57,144585.26,23080.59,0
51,66286.82,51439.49,0
59,148436.74,495925.14,1
32,105858.14,120760.97,0
59,43731.61,151374.22,1
32,144087.65,479747.98,1
19,64236.67,108145.56,0
59,32370.23,154734.84,1
42,184935.28,409373.67,0
53,161059.51,100424.5,0
52,24565.75,240865.61,1
63,16075.56,372246.62,1
32,177625.14,16244.07,0
54,43946.47,145234.82,1
20,167653.82,412556.49,0
32,89288.38,88538.23,0
54,105014.02,253326.77,1
47,40158.74,76101.8,0
40,199266.34,198966.32,0
39,5957.81,274230.17,1
54,167973.19,20287.48,0
37,48557.95,44417.97,0
46,49879.01,220652.01,1
41,154015.04,103949.02,0
27,65308.43,147013.61,0
44,146424.13,342443.47,0
53,63982.47,294.01,0
36,67613.33,252067.98,1
27,130140.78,385411.25,1
31,44123.91,79436.72,0
40,134293.62,98251.55,0
60,17432.84,254796.97,1
65,28279.31,420995.03,1
26,136699.04,321834.09,0
53,137579.91,12067.26,0
26,34500.71,210720.56,1
36,52625.89,481154.46,1
43,181035.5,259920.99,0
53,150992.64,221595.09,0
51,7128.66,185480.85,1
31,56286.53,297080.24,1
21,128350.8,384761.05,1
19,29360.34,455480.41,1
46,172268.02,483258.06,1
49,171679.91,332543.71,0
42,192809.95,173159.04,0
29,31744.09,74962.06,0
57,71915.08,149118.46,0
62,188244.03,147238.86,0
65,111289.23,457452.48,1
49,125825.05,166759.84,0
57,32699.81,387814.13,1
43,162447.08,321075.36,0
27,51180.24,482009.6,1
24,16578.92,189409.13,1
57,63130.01,457499.74,1
42,86076.92,48092.67,0
56,72345.64,336117.22,1
38,95631.03,354960.77,1
65,58812.34,96263.73,0
63,13949.41,368208.26,1
26,198678.0,312383.98,0
49,185364.75,119323.15,0
37,78707.47,187848.84,0
49,54238.39,428041.5,1
42,132592.37,278699.96,0
58,173023.3,58172.73,0
23,166596.95,252340.12,0
56,150161.26,190396.52,0
26,193991.92,358025.84,0
58,62025.73,102599.81,0
57,45760.77,434166.28,1
55,132184.52,77450.5,0
19,103616.36,197323.27,0
55,72111.5,262452.7,1
57,52244.34,137633.17,1
34,165922.01,366429.68,0
19,29900.8,222068.51,1
48,42995.35,132523.03,1
52,33253.06,131831.43,1
22,135033.67,103286.34,0
34,182549.83,150298.33,0
26,16111.49,44952.73,1
56,98648.29,364404.48,1
37,143254.63,191449.57,0
63,65754.24,361166.17,1
44,20152.27,187404.64,1
48,75380.66,322483.11,1
48,170437.95,381379.19,0
26,96943.25,47879.24,0
24,18879.45,17253.76,0
32,12291.47,105730.74,1
49,77212.65,18040.22,0
54,55270.2,198191.8,1
56,22296.88,322195.13,1
62,116565.91,121919.67,0
52,47275.31,250353.55,1
39,153953.34,157073.6,0
19,86896.54,471850.12,1
27,120725.46,376686.45,1
47,148255.79,46934.62,0
22,128046.9,494972.23,1
42,177080.14,391198.64,0
27,170010.1,282347.05,0
52,97565.27,320057.96,1
30,162702.14,150664.3,0
58,37403.41,121625.88,1
21,95717.35,351282.62,1
65,25633.64,30373.81,0
34,145524.79,139928.92,0
47,89516.63,144275.45,0
47,97313.0,249186.0,1
59,147559.02,192986.44,0
34,5806.06,465025.62,1
61,198218.37,385319.12,0
53,64346.18,55288.91,0
61,20178.48,364574.45,1
45,35922.1,77461.3,0
64,153520.05,359003.87,1
25,171309.42,49736.38,0
26,135691.89,487130.72,1
37,134237.46,315752.94,0
45,169242.45,311076.6,0
47,180218.17,108165.25,0
25,86986.24,181592.58,0
27,95559.54,426733.7,1
37,145133.67,129740.12,0
58,59062.13,247501.68,1
44,40425.24,80203.09,0
42,172220.42,353850.0,0
43,122252.12,483218.5,1
43,8050.09,472776.58,1
45,115289.63,217569.59,0
36,167341.54,256630.46,0
18,60740.63,240436.52,1
65,162645.81,48691.18,0
35,111023.81,194698.26,0
46,157243.11,434848.59,1
34,54121.88,456894.58,1
51,8141.32,29354.78,1
43,43990.38,93802.3,0
54,150644.62,428635.8,1
52,23439.14,345552.13,1
32,80432.57,203470.3,1
32,28889.99,351779.75,1
43,69451.83,189395.15,1
32,156485.57,357531.43,0
38,190308.63,192592.17,0
54,156102.61,178515.88,0
59,83546.34,286725.75,1
64,38594.08,188156.93,1
65,137294.1,264569.85,0
29,110429.42,466941.5,1
55,65754.12,113690.47,0
30,76035.71,491906.96,1
26,173854.54,219394.36,0
21,15127.08,258831.53,1
55,116504.13,447753.95,1
37,157567.73,7041.55,0
27,132594.98,41514.65,0
53,180429.21,342668.73,0
54,169652.42,174944.78,0
51,58969.71,203566.65,1
33,94746.33,369924.42,1
43,19393.95,276585.37,1
44,8962.54,303063.14,1
34,118611.2,210079.14,0
35,33014.22,109555.49,1
27,159312.9,90289.88,0
41,130193.42,952.11,0
55,92768.29,51480.72,0
18,95487.77,438518.32,1
49,108814.24,384229.07,1
63,76856.17,141692.17,0
28,145472.1,186387.74,0
21,104168.49,396988.08,1
39,112522.39,319661.61,1
43,36898.24,204050.76,1
37,94791.01,120531.73,0
51,146104.02,304800.48,0
23,47433.2,444732.89,1
28,19158.14,348211.68,1
35,199470.58,19103.93,0
19,37613.5,473232.35,1
31,191484.1,317691.68,0
44,56826.2,334872.23,1
64,106172.52,304234.63,1
41,90278.0,360103.14,1
42,33513.88,323109.21,1
55,98656.52,159278.35,0
44,121156.43,280284.07,0
40,70933.78,365302.76,1
34,35069.14,203936.59,1
64,106864.97,232150.69,0
44,105872.3,288148.05,1
63,15466.1,297618.16,1
46,6061.49,79011.0,1
35,95304.4,17579.38,0
45,22359.64,105915.08,1
19,106885.11,189782.43,0
61,60567.52,206472.69,1
29,192211.41,427105.35,0
59,128690.9,421396.69,1
44,69369.62,457828.56,1
33,184249.89,385640.35,0
22,99099.75,476701.29,1
34,51053.65,124699.89,0
43,92992.7,253770.9,1
32,97243.56,196405.95,0
49,186140.46,155567.9,0
49,153443.21,382656.47,1
44,14198.99,364691.18,1
33,153252.44,4909.37,0
53,39462.9,364229.9,1
23,166408.44,13205.8,0
39,7546.99,272524.05,1
29,194702.72,341896.49,0
32,133134.36,416228.37,1
40,19389.3,112252.91,1
51,13369.53,18729.68,0
45,17466.16,365800.19,1
44,27247.95,124857.43,1
39,90057.0,294875.46,1
44,17140.46,481312.33,1
56,67988.0,79942.94,0
53,15491.44,45311.22,1
24,199475.14,326014.76,0
49,29944.13,272784.54,1
50,145078.76,272112.36,0
39,34034.74,445118.02,1
27,54443.85,441144.11,1
61,61001.52,421098.18,1
58,195763.93,490282.59,1
61,116364.84,182014.88,0
57,67339.25,399106.68,1
46,167850.67,82268.98,0
20,38730.83,123719.39,1
29,18921.45,392139.25,1
61,152115.92,171995.21,0
51,64044.0,106869.03,0
30,184608.51,391174.2,0
34,131908.39,262249.39,0
31,97401.37,218429.54,0
63,75062.78,13886.19,0
54,46528.36,445919.01,1
53,165955.96,400161.03,1
29,153307.3,168853.55,0
18,177417.28,124724.75,0
41,120718.61,19328.23,0
30,40479.39,222002.65,1
29,102408.27,212766.99,0
54,59116.12,260313.11,1
52,7783.57,250801.58,1
30,193788.26,160466.87,0
23,107352.92,202102.55,0
31,28928.92,120962.68,1
58,65633.24,201341.61,1
47,77256.05,439230.79,1
62,107184.52,357632.76,1
32,78234.98,148895.49,0
49,148820.94,187089.8,0
23,41632.98,272989.32,1
54,97187.29,467468.01,1
48,188554.13,429235.82,0
43,131151.86,48241.86,0
29,52125.02,34410.41,0
58,173167.31,190273.61,0
59,91862.28,141406.42,0
62,78795.49,275499.97,1
44,112419.53,328302.38,1
65,153295.59,491529.63,1
35,87135.42,334602.51,1
32,22576.17,81001.99,1
27,28365.79,308341.32,1
22,93290.12,140419.61,0
18,134465.85,392497.72,1
43,84550.09,331856.32,1
56,65451.36,167222.45,1
36,123055.9,15276.84,0
52,76185.42,167155.81,0
62,29576.21,73833.88,1
37,32472.19,287847.08,1
48,191525.46,80582.2,0
54,53533.58,139929.24,1
65,72014.87,31004.32,0
58,91469.55,297303.54,1
33,177810.37,437239.56,0
42,69662.66,253916.82,1
28,170396.98,371886.28,0
63,19245.84,40597.18,0
56,192453.44,401684.41,0
43,58462.81,90396.22,0
30,41972.93,467440.09,1
27,100019.06,474673.57,1
59,40016.12,164416.6,1
59,63101.62,383712.93,1
62,16041.14,499565.83,1
51,105842.28,74128.68,0
21,69715.94,404681.97,1
52,32377.35,415607.05,1
65,171757.52,129776.57,0
63,89435.28,194906.9,0
39,141631.09,203785.55,0
47,59739.43,355550.15,1
33,57654.58,39667.22,0
57,113657.04,236395.98,0
41,129943.98,329688.7,1
37,113959.79,62224.54,0
30,143313.5,228510.23,0
36,98057.02,236033.43,0
26,68323.21,27303.49,0
61,37229.95,462763.95,1
20,15031.51,163513.73,1
31,59822.37,330842.65,1
41,101671.04,335493.08,1
21,57229.52,158602.3,1
33,182829.36,215540.83,0
55,178822.23,94669.45,0
38,188376.62,156128.88,0
55,199608.03,387564.34,0
37,142839.2,470300.75,1
33,89415.25,132687.48,0
42,5953.52,369281.26,1
64,154823.1,418287.09,1
56,181789.45,470411.33,1
22,169511.89,255360.65,0
22,96845.27,219190.68,0
57,129650.3,51801.94,0
50,123034.4,43287.87,0
49,12834.09,198354.29,1
40,190027.77,344622.76,0
38,80244.03,271217.54,1
51,17253.84,47933.4,1
36,44101.06,23617.92,0
44,164903.95,315506.85,0
19,102834.65,67770.34,0
44,169223.56,381333.54,0
28,113270.96,366342.52,1
34,30898.67,372602.3,1
34,191799.53,387007.99,0
43,5183.96,172233.58,1
47,176219.53,275339.93,0
58,78239.99,486937.94,1
60,12604.85,377245.24,1
36,144892.32,438063.26,1
65,81569.3,399781.71,1
34,184464.24,78236.87,0
20,40807.84,57902.05,0
45,55027.3,284335.91,1
18,74055.29,342102.38,1
50,88680.47,70339.4,0
35,55937.76,253581.81,1
49,87003.78,161681.01,0
58,88769.28,209278.32,1
62,130851.17,216041.91,0
55,131603.95,392504.6,1
55,73507.92,451410.38,1
36,137413.83,102864.6,0
57,82045.39,449735.35,1
21,178519.77,372394.23,0
20,99491.2,273657.61,1
56,156472.78,324005.58,0
18,77305.04,365591.77,1
30,117096.64,76999.18,0
40,184308.38,186361.79,0
45,164303.01,136710.54,0
22,67484.73,223243.33,1
52,18822.55,49816.25,1
19,8797.33,355969.76,1
49,169470.16,305412.42,0
27,76990.06,146211.01,0
41,32842.76,344976.61,1
39,178921.62,203155.9,0
31,96480.85,6730.41,0
28,166814.68,115257.51,0
48,16719.93,67478.77,1
61,188075.08,322601.95,0
33,195568.62,413154.97,0
58,48533.23,198992.44,1
18,189753.95,112361.23,0
49,149042.28,377025.97,1
31,145572.68,407965.52,1
60,137410.18,293691.2,0
32,119508.68,362321.1,1
29,159985.63,16043.42,0
56,67225.62,370791.28,1
39,49444.15,390195.48,1
21,48995.4,188132.26,1
43,185041.83,161433.99,0
47,79740.48,116632.22,0
20,137808.9,13658.46,0
37,154883.14,208876.03,0
29,126052.18,375035.89,1
18,138244.92,176735.66,0
19,129159.49,470667.46,1
18,69171.95,28221.14,0
42,160494.39,8880.56,0
18,188007.38,415837.56,0
50,196390.04,300839.37,0
40,44440.97,152020.05,1
56,179452.06,365902.46,0
43,175836.85,272968.55,0
43,195530.0,421974.08,0
40,181448.35,494708.46,1
18,15759.65,379266.03,1
61,29315.16,34806.66,0
33,167613.18,363602.67,0
36,159520.62,488389.17,1
65,72257.13,65846.6,0
47,119767.54,314413.11,1
22,31938.88,198740.76,1
20,148601.4,469034.49,1
34,194053.55,29239.73,0
58,35487.93,352155.22,1
56,127426.09,331949.56,1
29,10724.02,326035.94,1
32,141402.35,77375.12,0
58,68483.31,59226.94,0
34,37423.87,27849.5,0
55,140866.92,36287.34,0
63,191919.3,343127.74,0
63,187558.46,473241.05,1
21,138703.59,263371.54,0
33,69928.59,355199.48,1
36,170602.83,427627.93,1
58,34922.51,101140.49,1
62,31062.35,111015.55,1
64,177201.39,352224.17,0
53,5504.82,226576.88,1
46,140648.82,264643.38,0
42,73843.58,37180.55,0
22,12536.87,145184.21,1
45,20023.15,17080.78,0
51,18259.13,447970.66,1
46,16465.96,417299.75,1
45,91644.85,160457.66,0
25,63666.47,24743.79,0
37,185382.56,320681.9,0
46,105896.99,144577.5,0
38,148568.4,335350.94,0
63,138595.93,123017.82,0
48,183206.14,372934.96,0
19,132051.02,116511.64,0
55,22546.58,337557.72,1
34,32324.31,336700.97,1
37,34144.7,102005.38,1
28,178467.13,30366.72,0
61,121180.98,13942.18,0
65,66169.08,371075.74,1
46,47187.72,413634.65,1
27,55182.53,48424.26,0
21,10589.16,9654.06,0
34,9114.07,406368.71,1
33,66727.13,9291.92,0
23,32479.21,429150.02,1
59,167935.32,403175.35,1
19,48122.51,406540.19,1
21,45452.94,93184.2,0
30,5353.07,350251.79,1
57,140076.08,360896.49,1
63,75151.48,342128.7,1
61,197032.3,86339.19,0
45,59502.22,171487.89,1
50,70812.26,69848.99,0
33,138625.26,80996.3,0
39,176469.71,142177.27,0
42,125886.82,405263.25,1
27,22420.06,375889.45,1
52,29962.36,370944.22,1
31,94315.89,52438.32,0
18,23853.85,348970.99,1
50,67270.15,170530.3,1
22,86811.73,406282.16,1
60,67653.06,169135.94,1
54,161852.49,74436.64,0
31,36389.66,396365.9,1
32,176118.55,66445.03,0
18,159283.69,87995.14,0
26,124779.35,45805.56,0
31,117823.16,166814.96,0
39,159476.55,36536.69,0
37,129688.56,234952.33,0
28,28623.46,274502.41,1
58,103670.11,144813.39,0
47,194403.67,312786.45,0
61,12487.5,381946.21,1
51,63341.36,230502.68,1
28,114419.07,168788.79,0
56,97565.94,291680.14,1
52,135881.54,334286.57,1
27,12755.03,468486.36,1
30,156585.08,190033.81,0
23,23756.15,377384.22,1
46,113580.03,43293.57,0
32,132069.58,222164.57,0
34,22976.98,110982.89,1
20,46600.07,295625.58,1
46,168698.55,440716.44,1
31,150355.94,59623.43,0
26,52902.67,104278.06,0
56,55471.74,499016.3,1
60,190825.01,190299.46,0
35,161762.48,2782.74,0
44,61276.66,247038.2,1
54,20386.07,364787.34,1
37,127911.73,381330.69,1
62,75481.69,223340.19,1
37,60180.84,345816.23,1
65,166838.09,46496.15,0
37,99382.67,118367.78,0
37,71507.28,134232.29,0
37,80024.99,475573.17,1
18,167898.31,12125.79,0
55,79667.19,100383.63,0
34,135578.81,498320.25,1
40,43328.39,453912.5,1
45,77399.89,298524.6,1
53,183418.82,352812.36,0
44,118884.95,22817.35,0
21,186986.37,456337.39,0
31,154984.13,316166.15,0
45,8142.67,43411.32,1
38,96817.53,246481.99,1
60,167530.05,195316.54,0
65,13117.23,157882.38,1
32,143484.81,406.34,0
24,168476.06,289187.64,0
37,145107.11,248524.81,0
27,102923.32,418255.52,1
43,70914.7,285305.82,1
47,176461.17,67984.13,0
18,94229.13,182646.14,0
35,49687.25,387661.12,1
62,27437.73,128927.66,1
34,129157.43,265227.32,0
53,92115.93,30805.14,0
64,67371.35,266435.01,1
41,116378.25,425134.8,1
54,105546.97,275030.33,1
34,106238.44,164406.31,0
51,44284.24,14377.22,0
18,153950.75,385991.35,0
61,17191.31,174023.88,1
33,118348.55,319545.98,1
64,57397.7,226621.21,1
29,21727.06,73084.79,1
34,185314.28,164276.84,0
51,66505.25,392674.02,1
38,42993.34,183230.25,1
38,90864.77,196986.7,0
54,117786.43,32978.98,0
63,69600.12,36271.83,0
41,158793.07,471404.97,1
54,8897.93,195001.53,1
27,45211.34,81934.08,0
54,83973.22,242887.44,1
40,25872.98,132570.66,1
40,57544.75,121948.22,0
30,19538.13,32919.71,0
18,10546.52,488592.21,1
39,150041.43,410533.58,1
19,147319.05,488721.85,1
36,173271.05,342130.05,0
63,20986.29,6592.95,0
51,80045.52,484648.53,1
53,67570.91,59082.17,0
60,146155.33,248910.39,0
49,98682.41,34214.48,0
37,162340.41,23513.28,0
57,6112.29,224369.85,1
44,46103.85,80739.23,0
35,177938.37,85616.17,0
34,113200.45,150052.61,0
57,12971.98,163105.56,1
22,103205.33,407352.85,1
30,139764.37,52308.28,0
29,119575.39,408657.35,1
53,163083.49,108340.37,0
42,71509.29,172759.18,1
52,26003.36,185638.22,1
18,67398.8,62847.98,0
56,146459.63,306377.31,0
21,37800.45,342185.55,1
42,185163.06,83791.91,0
48,15423.42,198171.63,1
50,175943.21,8193.28,0
42,166771.35,177364.04,0
18,38748.45,104233.44,1
39,134525.76,232889.86,0
42,37038.19,397783.11,1
44,43478.39,491113.99,1
55,113219.8,486778.66,1
43,198176.49,321570.55,0
24,88676.68,66710.33,0
51,102352.36,95272.58,0
60,193378.28,10102.07,0
50,111391.54,327131.98,1
31,120290.13,246180.67,0
62,123405.19,442417.81,1
22,13371.48,463019.87,1
56,116619.72,227814.43,0
22,48814.7,287401.85,1
42,138080.38,382803.28,1
54,129806.27,362246.75,1
33,46587.62,83123.69,0
31,28600.17,377170.27,1
23,142423.16,69064.8,0
61,19199.24,269809.68,1
54,154234.94,265671.44,0
43,118289.92,176173.66,0
20,84024.26,239163.26,1
24,188046.32,71299.67,0
53,45725.8,117826.62,1
20,32186.18,194881.5,1
50,119567.46,123186.36,0
45,193046.49,166180.54,0
41,70459.02,47460.17,0
65,55152.84,196633.32,1
60,67716.28,488229.37,1
42,37797.56,130375.79,1
61,188219.7,487588.72,1
48,9048.65,287570.82,1
37,5327.01,273632.06,1
24,193840.89,216516.47,0
33,75911.33,15245.54,0
19,68071.9,262452.88,1
30,161215.49,397224.4,0
47,158677.77,377278.91,1
25,101020.94,208732.84,0
64,115442.28,301426.03,1
25,42848.06,88961.58,0
46,146456.06,94483.23,0
30,123775.16,250790.74,0
35,5162.36,2499.88,0
30,131660.63,193682.39,0
63,81582.93,87903.46,0
33,160804.99,400751.37,1
62,148428.0,132598.03,0
42,131076.75,336950.26,1
55,176693.08,241193.85,0
24,82222.87,359669.07,1
25,74941.6,401240.39,1
55,115298.86,105233.25,0
36,52729.66,408682.51,1
53,18841.91,254231.77,1
26,59856.67,199030.82,1
54,197560.64,299930.89,0
55,82326.2,432739.2,1
39,164717.02,134202.24,0
51,150611.23,119989.21,0
58,79527.53,35546.09,0
51,99731.31,40579.32,0
44,57994.09,361430.8,1
19,23840.8,389125.5,1
64,85093.34,378603.37,1
30,132724.58,107943.36,0
41,167353.22,119764.11,0
51,195401.0,59945.27,0
34,41545.33,450161.48,1
57,172730.61,323410.05,0
51,105135.82,181511.56,0
40,8254.14,431518.53,1
46,135299.99,180839.77,0
48,89685.2,207781.17,0
62,118798.84,128134.35,0
32,117417.49,85181.85,0
55,79786.1,166937.09,0
41,135067.1,445760.91,1
47,189203.76,461603.59,1
25,145675.76,88300.5,0
62,6255.38,417256.1,1
56,67207.74,30796.98,0
61,34827.97,489659.83,1
64,60549.85,279609.6,1
35,73245.01,423569.84,1
32,65338.26,420385.44,1
51,123749.2,446273.82,1
40,154336.46,370107.64,0
52,182995.32,211394.7,0
33,193900.32,216232.63,0
49,20625.75,267370.0,1
48,9197.22,436395.97,1
35,52751.82,7137.65,0
24,9892.77,362130.39,1
44,125252.24,465303.55,1
26,100683.89,71053.6,0
65,34435.16,313725.34,1
64,136570.73,203951.14,0
39,194135.23,424523.43,0
57,19958.63,238698.5,1
18,28312.67,133789.88,1
60,189624.7,10253.2,0
57,148258.43,44473.09,0
24,15465.45,105899.43,1
35,123876.79,97165.69,0
44,31175.77,332659.05,1
35,168889.61,380805.79,0
40,116084.24,455994.28,1
43,89423.06,462569.33,1
58,43934.89,420872.49,1
27,106478.39,499963.59,1
28,185804.05,269889.33,0
51,151808.59,271964.83,0
52,187285.08,337488.4,0
65,118986.3,93296.82,0
43,198723.28,61358.01,0
62,133795.16,398225.15,1
58,109906.35,153961.58,0
56,191776.93,379400.24,0
35,44279.01,224066.54,1
22,23131.1,166754.45,1
46,196231.12,270258.22,0
37,10883.95,86315.05,1
18,109444.58,228295.38,0
57,6987.74,340660.39,1
61,132984.95,477287.26,1
55,112196.34,263467.94,1
43,153152.78,157893.32,0
65,138922.86,471078.08,1
42,150997.36,166181.38,0
42,104782.11,406267.84,1
23,9508.92,233439.17,1
28,60797.35,412718.09,1
31,159134.37,482123.35,1
54,63487.05,442129.2,1
44,6205.64,59633.12,1
24,81425.11,14244.69,0
36,89574.94,1381.39,0
35,67450.92,180600.15,1
18,150066.13,125128.39,0
37,84165.5,411086.44,1
20,53466.59,156114.73,1
56,135901.44,252410.3,0
35,93212.1,17940.26,0
29,130350.36,89718.89,0
55,112363.02,74101.16,0
62,154171.5,427551.27,1
64,87022.84,368660.3,1
23,112986.67,183199.4,0
44,20971.71,70644.14,1
46,157765.5,167472.54,0
40,181211.44,132159.36,0
40,182900.56,188383.15,0
57,175221.58,181467.56,0
30,118770.8,231141.39,0
26,181889.98,42937.33,0
28,63145.31,274347.95,1
58,124895.95,284026.2,1
42,171184.29,235623.73,0
49,115749.07,482540.53,1
53,68676.72,51282.23,0
62,155461.28,461104.17,1
48,17881.83,85843.9,1
50,194030.68,449811.01,0
27,40408.37,210726.73,1
65,95783.38,316054.25,1
44,32370.41,316582.55,1
38,99212.09,179285.69,0
62,101903.94,346334.41,1
46,116546.46,117097.66,0
36,50591.25,497470.04,1
58,162328.77,134954.55,0
58,39699.04,421582.84,1
38,48257.64,75949.67,0
27,55767.04,447151.57,1
20,193179.11,499618.84,0
59,179412.12,269875.77,0
21,51580.24,429108.6,1
40,192137.72,41214.65,0
32,50321.21,150674.43,1
50,94956.95,356728.26,1
31,87905.68,408300.94,1
58,94447.31,191704.9,0
60,164827.03,147350.45,0
23,141365.69,435609.18,1
56,29964.15,321920.86,1
49,191430.58,125316.95,0
61,109574.23,21267.3,0
54,57376.54,270018.15,1
39,98793.32,160634.43,0
65,160678.08,348986.59,1
39,124394.74,169456.32,0
30,175191.66,100655.67,0
50,35279.58,231874.58,1
26,14449.02,161813.49,1
42,51465.89,481533.34,1
63,52243.97,301677.06,1
63,126155.33,211759.4,0
45,90699.3,242181.61,1
65,150108.4,455285.88,1
19,109023.13,371182.52,1
46,97138.56,408012.82,1
23,91440.93,95832.06,0
41,51938.6,103861.65,0
19,191976.0,480851.69,0
65,8199.9,210308.59,1
51,157958.95,427130.47,1
64,29956.85,388676.16,1
50,108531.54,205273.82,0
53,80862.65,105423.67,0
63,90464.65,266378.2,1
28,168155.1,125024.02,0
54,31744.9,22259.16,0
53,196803.39,466734.27,1
28,136510.57,200550.49,0
33,5514.24,346002.05,1
19,164953.75,311273.53,0
58,187892.94,27214.11,0
43,31403.0,323974.3,1
42,123014.68,357425.76,1
20,141069.61,34183.82,0
37,187235.85,130183.78,0
28,117328.1,445206.68,1
55,111830.14,359937.88,1
58,179132.34,479582.06,1
24,6173.97,260120.06,1
28,141623.37,49765.31,0
61,38004.56,200464.0,1
40,116814.61,150869.33,0
49,146446.39,278905.42,0
18,84711.38,65758.3,0
28,180263.19,392403.46,0
48,114466.33,440595.28,1
44,118581.74,137224.21,0
21,162455.33,210734.17,0
61,44298.26,246577.67,1
61,10826.25,98590.22,1
19,150594.93,182553.91,0
54,133613.47,89950.01,0
35,107803.27,254459.01,0
43,148157.99,59803.06,0
25,88568.48,349962.41,1
30,199278.25,104384.64,0
54,26884.04,125418.09,1
41,122101.86,121717.08,0
21,98186.16,251677.14,0
28,63423.39,487331.86,1
40,69801.62,485493.13,1
49,64194.76,194373.58,1
41,178689.54,332290.27,0
49,184843.89,237277.38,0
34,168405.49,170131.85,0
51,152458.7,275984.32,0
45,104692.51,144925.31,0
53,83818.44,95909.41,0
63,145976.7,201953.8,0
35,186292.31,122815.45,0
20,117265.23,483916.87,1
27,125273.41,226483.07,0
24,130296.62,372431.13,1
52,13952.99,152564.31,1
63,42484.72,375772.46,1
27,53588.63,490812.65,1
19,38006.88,377974.35,1
62,8861.16,238403.42,1
35,39258.57,115975.32,1
40,100624.36,129920.28,0
63,195743.6,284109.47,0
36,132055.6,262395.24,0
43,163481.19,439378.39,1
40,94750.12,26524.94,0
65,73074.08,278963.77,1
28,118350.22,55616.83,0
62,180794.25,172477.96,0
41,158849.72,44220.12,0
22,179226.5,157274.12,0
32,52942.62,218840.52,1
39,25107.66,108893.77,1
23,34911.1,428068.75,1
51,128991.92,92470.29,0
36,28601.58,216991.82,1
21,9770.96,446582.42,1
30,164903.81,73380.35,0
18,54721.06,78041.4,0
36,100762.87,298914.57,1
35,28112.66,52522.24,0
43,137153.14,424639.98,1
21,62802.51,232699.8,1
22,15837.83,318569.79,1
53,143983.53,408042.29,1
56,120966.63,332897.8,1
53,38050.34,182050.89,1
48,197816.85,166056.22,0
47,157765.25,81716.34,0
45,168470.91,91965.91,0
26,59722.38,131638.12,0
40,113545.42,157881.43,0
50,137048.88,142698.32,0
40,63300.65,413966.68,1
38,182804.46,165765.55,0
47,158957.0,151925.08,0
63,128874.32,390622.76,1
25,93796.76,434841.85,1
56,21019.2,248463.97,1
34,150537.31,200561.32,0
41,82119.23,27878.93,0
61,163974.21,17477.84,0
32,171173.34,365221.07,0
31,47766.77,190385.82,1
65,171537.79,231096.75,0
43,57897.59,368019.09,1
33,183512.27,442444.98,0
31,10742.72,260218.26,1
64,144803.82,288441.93,0
52,199907.39,452392.63,0
63,188957.87,459245.95,1
56,166113.5,69140.9,0
46,110945.73,49092.97,0
48,192633.5,181690.13,0
31,80936.97,273861.14,1
35,49738.09,298670.91,1
26,120344.47,268371.09,0
21,26378.76,255142.84,1
57,194580.08,485299.41,1
62,166326.6,28784.14,0
29,91305.32,47854.15,0
42,109092.74,292455.93,1
31,148804.35,112701.5,0
20,64794.31,196435.5,1
44,51423.48,97646.42,0
49,141380.03,19191.38,0
44,89712.36,117061.29,0
45,123541.98,8382.01,0
61,67966.54,124550.43,0
49,151952.81,22987.67,0
36,5092.36,472830.37,1
58,163773.83,445134.88,1
32,130648.13,80467.72,0
46,6063.56,294028.11,1
30,155731.64,385891.81,0
65,13120.34,291482.49,1
41,77220.25,222662.4,1
20,29827.84,452691.98,1
27,189254.92,301056.42,0
63,60355.22,36839.36,0
32,161292.99,18681.26,0
57,85839.12,373925.31,1
57,74230.32,111588.6,0
59,177426.17,310736.26,0
44,124367.66,54484.97,0
59,119328.49,349805.38,1
43,68151.62,56020.07,0
48,171581.79,465094.09,1
58,91912.51,174575.68,0
57,164966.07,159608.98,0
32,74652.49,832.09,0
37,163687.24,459041.47,1
21,35316.78,358872.98,1
46,117068.46,499401.81,1
25,114399.58,221918.55,0
57,149064.21,215926.17,0
58,83522.96,392591.06,1
31,163356.35,361226.52,0
23,190137.16,407393.73,0
49,114372.69,110218.31,0
56,65011.25,193421.5,1
54,14249.18,48934.52,1
20,62973.89,441244.04,1
43,128674.4,368300.07,1
29,88976.73,126425.26,0
61,138919.89,107205.96,0
55,123878.9,472718.75,1
45,70308.48,453665.35,1
38,192471.91,59434.66,0
63,23845.21,448869.81,1
28,132347.08,50700.42,0
47,131880.79,411486.37,1
59,21218.7,150276.44,1
65,20076.26,287655.19,1
59,60106.04,487682.38,1
62,31754.05,175819.63,1
18,57141.11,388374.45,1
59,96487.97,281319.53,1
60,83625.07,266921.64,1
28,60436.79,394170.42,1
33,21484.43,401664.3,1
57,149250.85,446174.08,1
39,181272.88,401978.0,0
55,123670.04,277811.72,0
60,34080.84,238323.1,1
24,88868.05,22078.87,0
20,186226.87,455792.04,0
31,108823.41,404726.33,1
45,108562.16,385720.77,1
41,36720.47,278935.92,1
29,148470.94,235020.84,0
46,57054.55,240504.83,1
26,52360.31,93696.23,0
51,35978.21,405601.63,1
39,87578.25,484227.17,1
30,91057.75,497452.82,1
63,52488.31,180883.42,1
45,146095.12,50613.07,0
30,180740.31,63446.81,0
42,94978.22,212519.59,0
45,71450.0,387557.89,1
29,124798.45,54052.01,0
55,150688.64,344643.11,1
41,60106.95,355904.69,1
58,71032.8,84741.36,0
55,181280.81,367320.83,0
21,70875.53,347447.77,1
45,39955.95,92183.81,0
25,45888.87,445913.7,1
23,55855.91,423147.89,1
31,62994.59,407475.48,1
55,191995.94,365913.48,0
30,42480.66,302888.0,1
28,140214.18,248349.83,0
39,152515.84,408494.6,1
40,131791.54,64494.28,0
22,96948.83,382721.29,1
63,162471.51,133492.67,0
43,114358.94,73092.06,0
51,73469.26,487788.45,1
22,56234.97,364692.01,1
41,77316.12,417245.61,1
28,84211.56,348180.51,1
30,105652.34,185769.08,0
40,18984.73,7963.57,0
34,28929.3,167974.03,1
40,194626.92,339649.75,0
44,166009.93,305505.76,0
44,158660.41,171366.44,0
53,31562.75,36253.92,0
24,6000.74,69341.88,1
27,110856.5,228634.75,0
23,191406.17,40420.58,0
46,177612.56,237989.14,0
34,179716.48,487935.63,1
30,60726.7,286321.87,1
53,197930.33,56248.72,0
49,162840.72,264839.21,0
21,170557.53,52527.19,0
21,66719.49,464284.08,1
18,5075.05,344187.07,1
25,117959.3,410768.4,1
18,112328.76,265657.17,0
21,159986.23,50593.87,0
21,179246.06,145434.65,0
18,187826.92,441785.59,0
50,17193.39,112742.95,1
22,53111.99,145254.51,1
23,199857.57,454701.95,0
45,75775.98,297679.75,1
18,6667.04,447518.44,1
63,86369.97,284490.86,1
24,186895.19,71867.89,0
21,42071.09,68133.24,0
55,189896.78,357024.57,0
58,41437.85,56506.45,0
39,26304.85,375836.17,1
50,12229.32,391518.56,1
28,106501.63,127423.66,0
64,197738.74,72319.61,0
25,53762.67,280316.7,1
26,169414.6,80439.03,0
25,97120.43,456948.96,1
22,21642.91,485730.3,1
39,142457.67,341110.64,0
42,49970.03,224705.24,1
54,34177.68,495265.0,1
48,64424.54,415804.49,1
21,16073.47,493067.53,1
52,187010.32,57624.37,0
19,54280.84,156936.43,1
30,189169.15,393687.35,0
45,66665.67,402205.45,1
56,27312.3,184477.44,1
40,118716.21,251152.54,0
26,160654.83,456487.71,1
56,198123.11,118066.31,0
23,126321.6,227104.92,0
35,34660.6,16164.61,0
20,87886.58,175762.25,0
63,21241.39,449434.51,1
46,151303.33,161839.01,0
43,55305.85,298714.86,1
18,188058.41,165126.03,0
19,6907.67,384916.51,1
55,66488.63,13628.29,0
24,112734.66,161501.73,0
49,35058.26,73984.39,0
23,186396.62,409122.5,0
62,75644.02,265145.85,1
25,76315.84,385979.77,1
60,82414.26,400758.06,1
45,57023.56,179307.71,1
59,165893.52,408245.16,1
24,91188.5,420737.0,1
21,165165.28,449169.19,1
44,84173.44,273230.68,1
65,55298.01,54635.37,0
20,179166.8,84799.6,0
56,73747.21,329741.88,1
60,164855.06,261395.03,0
34,103270.87,329511.83,1
39,14788.63,317596.79,1
18,174327.37,149859.05,0
33,20282.07,92245.71,1
25,182366.15,307577.64,0
27,187195.01,112603.16,0
62,142402.62,413211.3,1
40,151013.99,346169.37,0
31,144966.54,38494.49,0
62,87740.67,408384.29,1
21,113873.06,220967.97,0
23,152075.88,156967.62,0
54,119406.02,283780.25,1
27,182492.61,29894.41,0
43,177997.47,271378.5,0
26,88176.5,107269.15,0
23,35526.88,478943.18,1
57,142298.13,217436.7,0
34,33855.93,409743.52,1
56,34130.22,127584.25,1
28,104020.62,142335.91,0
44,38172.36,91991.3,1
32,49767.17,249984.46,1
53,17880.52,331329.94,1
57,37525.12,195532.34,1
47,33275.49,325713.99,1
34,93784.11,452710.33,1
27,155112.28,79434.27,0
58,144509.82,364852.1,1
32,129350.08,411995.32,1
31,133477.18,68448.57,0
34,79061.7,310725.42,1
21,174018.56,304355.96,0
18,178331.24,249944.83,0
59,198089.38,439587.57,0
52,19240.24,259525.33,1
37,11317.81,32822.03,1
46,143854.19,279535.57,0
26,146043.28,136583.08,0
58,96279.57,305458.77,1
64,24801.84,257055.98,1
25,108901.72,55558.48,0
35,34292.82,373202.39,1
43,184455.25,42334.65,0
40,57497.17,312656.46,1
61,74561.55,82711.29,0
43,38449.4,228792.89,1
58,134504.44,42974.87,0
42,112809.5,67189.1,0
59,178382.23,72096.0,0
46,151941.49,290338.3,0
59,60082.6,31826.12,0
24,135948.36,460267.01,1
50,47125.63,307859.6,1
19,102427.6,264015.68,0
51,96935.48,349312.24,1
44,172111.29,58624.57,0
22,22819.19,12351.83,0
51,7778.31,2229.57,0
58,115625.51,45415.97,0
50,79573.25,38460.34,0
41,47408.07,497355.17,1
55,24498.68,336350.15,1
18,102035.22,379991.38,1
27,21109.05,408437.86,1
20,10971.48,180961.57,1
51,88027.77,269174.23,1
48,67691.23,152722.09,0
59,90787.65,229393.58,1
21,199078.37,293823.16,0
30,36764.43,196821.32,1
60,112707.85,291851.91,1
24,142051.34,497272.83,1
19,117811.51,351544.13,1
30,42016.57,317578.76,1
28,128577.06,427842.97,1
39,196714.14,303740.92,0
64,187350.36,209722.44,0
25,125722.69,122366.46,0
62,43988.6,372598.4,1
44,72651.09,394902.57,1
40,111440.33,477380.7,1
27,131737.93,130931.3,0
28,18963.39,348680.25,1
54,127935.78,144965.7,0
45,193346.03,80444.01,0
46,80371.86,244984.54,1
18,174461.34,146567.77,0
26,88313.04,191090.69,0
46,41506.67,145323.17,1
30,93372.43,150188.57,0
43,15299.34,57486.36,1
38,14221.95,223505.24,1
18,70824.61,45962.96,0
30,93494.0,48864.98,0
27,49439.35,32694.13,0
32,106499.63,170097.41,0
22,196727.95,407428.3,0
49,146501.67,70796.27,0
55,176795.81,382934.4,0
29,79388.48,3514.28,0
60,193392.05,477528.45,1
44,39247.15,264046.02,1
64,111985.68,139468.12,0
54,80364.7,216747.91,1
47,195743.62,309321.03,0
37,97712.25,368229.01,1
50,115523.78,49743.07,0
65,166667.98,412962.25,1
24,55004.19,45586.54,0
18,152390.43,483262.13,1
54,62567.98,297026.65,1
41,184156.1,494829.0,1
36,57239.74,345703.49,1
63,185805.33,332748.09,0
50,100957.74,490050.85,1
21,10018.71,204280.3,1
51,157180.25,143210.87,0
33,34036.92,167685.88,1
20,197502.28,492423.5,0
29,190576.55,46310.97,0
47,44543.56,82806.84,0
65,86628.14,129208.07,0
60,60177.66,415853.17,1
58,56698.63,458493.94,1
59,199614.1,13249.51,0
57,99879.68,268883.27,1
23,46190.0,426008.45,1
65,56264.84,303023.1,1
36,63305.79,287786.58,1
46,89529.04,163095.15,0
59,164579.1,292626.72,0
53,147075.63,238280.16,0
23,117266.93,110860.32,0
60,85705.11,12958.39,0
28,91175.46,445496.37,1
56,114041.79,362300.11,1
64,84309.49,110405.59,0
34,81028.01,39036.53,0
34,97552.98,228313.73,0
53,24916.75,226295.23,1
62,29935.13,221636.84,1
59,20388.37,394154.82,1
54,180700.15,18391.35,0
55,26219.51,15729.95,0
18,53002.8,286765.32,1
26,158036.09,309244.95,0
35,162215.0,80332.67,0
37,193953.12,427959.09,0
36,159489.98,437772.11,1
38,178483.55,148868.95,0
41,140675.51,56831.35,0
18,54540.08,100776.6,0
22,75318.32,215635.99,1
49,95498.51,402880.25,1
64,135595.43,175342.7,0
50,7340.85,379662.17,1
34,193139.92,395808.42,0
41,190225.38,54128.89,0
46,146530.76,266001.97,0
18,33255.96,117823.93,1
22,154344.03,215818.01,0
20,56813.36,259617.84,1
47,45410.69,338202.0,1
52,149655.28,348314.32,1
53,72703.06,446757.08,1
48,63641.2,104280.63,0
28,181013.85,460577.66,1
34,129346.43,81594.7,0
27,18186.9,175742.64,1
38,66285.68,56078.79,0
59,183902.12,176099.45,0
35,19960.36,81806.17,1
45,101066.69,422264.8,1
30,81410.49,270756.52,1
37,81239.05,78142.56,0
62,90344.07,417661.37,1
41,34773.8,212592.32,1
65,21784.69,197067.22,1
65,67198.19,430432.93,1
39,96695.07,224649.47,0
57,14345.8,309132.32,1
53,159539.54,312063.88,0
28,5391.77,59835.97,1
49,131609.69,361094.31,1
50,195394.18,473371.89,1
30,99527.78,38934.98,0
53,27127.12,50575.91,0
23,83305.0,211814.43,0
61,55035.26,153549.26,1
38,52583.27,313038.66,1
20,178573.19,93698.38,0
27,103667.83,103470.36,0
30,30262.52,366933.02,1
37,78100.78,110391.65,0
30,174995.87,119090.97,0
56,177185.3,25065.23,0
26,126448.08,425514.82,1
39,149443.11,31686.86,0
33,159232.53,347839.95,0
54,39259.65,10223.74,0
33,102508.16,103387.37,0
37,132388.7,342005.97,1
41,149537.68,312877.35,0
54,178057.57,41136.54,0
49,151685.45,406479.73,1
35,183778.07,494604.6,1
25,35072.67,467100.58,1
35,164010.0,88572.27,0
50,97311.97,260793.04,1
34,99065.3,64503.97,0
42,160871.75,77495.78,0
21,41851.67,456752.15,1
41,180490.73,382240.57,0
57,137977.57,407778.6,1
50,148039.11,312581.54,0
51,24483.77,393536.17,1
64,128878.42,411639.96,1
29,41929.96,255300.33,1
47,75454.4,366169.82,1
54,184630.36,284910.28,0
30,17323.13,286208.65,1
19,97426.33,178669.5,0
18,147497.64,351409.88,0
43,7296.27,229353.29,1
18,176334.1,451103.43,0
61,34923.5,453065.65,1
21,98644.47,395103.75,1
51,139682.3,79155.05,0
52,9756.69,439548.87,1
35,20835.16,272464.06,1
37,52879.77,195958.12,1
38,117233.96,11618.22,0
49,162523.97,381476.46,1
41,133913.91,146037.63,0
42,143790.26,344194.66,0
36,159650.2,420233.45,1
59,180740.41,189715.21,0
43,155176.47,311784.09,0
37,174330.83,309169.28,0
45,111302.04,238211.09,0
21,18597.12,163031.94,1
18,99490.75,231424.98,0
53,199960.78,298628.37,0
23,53817.91,293324.98,1
48,168062.31,231817.82,0
64,184345.49,471889.04,1
56,155320.15,405536.16,1
42,128644.1,356596.68,1
42,63464.78,165041.37,1
28,81690.48,348916.61,1
31,197577.01,145743.53,0
53,108272.75,442927.7,1
27,16736.36,211326.96,1
23,145878.55,194244.87,0
33,22329.64,301844.27,1
63,37916.74,226749.82,1
20,99725.55,57789.13,0
26,52754.46,13446.85,0
61,23018.78,36186.86,0
25,114426.78,143734.39,0
62,178658.59,473679.82,1
22,100032.01,286754.39,1
32,109959.49,321111.9,1
37,196522.85,245961.37,0
42,90217.69,129253.17,0
39,89581.45,302402.62,1
56,153290.02,123325.77,0
54,98488.52,215085.92,0
63,12967.66,99307.07,1
42,97342.15,364661.0,1
48,165924.65,210604.88,0
65,71915.46,287200.01,1
44,5628.14,394668.15,1
47,71415.38,269173.05,1
55,129821.96,257744.3,0
24,137063.74,377338.67,1
18,36780.02,6705.69,0
36,178770.62,242059.17,0
38,190081.01,420657.38,0
23,38713.75,293101.99,1
57,35228.14,155595.04,1
38,114151.92,495063.6,1
64,94506.63,312760.88,1
26,181209.92,109420.69,0
23,48998.29,214180.5,1
49,63006.67,313192.02,1
26,47946.13,157294.05,1
52,44460.11,297442.49,1
21,57231.39,194632.42,1
22,134568.64,312664.46,0
36,18725.87,219245.32,1
25,99256.06,451947.13,1
58,65428.16,388202.67,1
20,194607.68,454587.03,0
42,91595.2,262172.3,1
30,68073.15,359503.9,1
23,101387.52,311820.21,1
26,34636.49,414615.13,1
40,69043.57,302271.73,1
65,104383.05,490733.17,1
42,154599.43,107109.13,0
32,122083.34,84188.04,0
54,29422.43,22559.62,0
32,198775.85,45626.09,0
30,88190.65,385956.66,1
35,58101.85,122596.42,0
26,24312.69,224073.42,1
39,64398.49,50463.89,0
20,192576.98,103217.74,0
53,25447.41,117256.88,1
52,158095.02,472019.57,1
43,190652.53,210613.45,0
36,111137.72,217083.16,0
31,142609.11,263274.19,0
33,175234.07,162135.67,0
51,15164.76,117592.04,1
18,176869.84,404480.88,0
57,70548.59,444217.67,1
43,123484.87,161528.6,0
48,182799.86,390330.05,0
22,83410.14,154047.08,0
29,137880.27,411398.0,1
58,198849.48,278149.1,0
52,63959.69,145847.05,0
61,87589.33,312007.19,1
60,9462.66,453677.9,1
27,101581.09,29773.58,0
41,181822.17,180718.55,0
65,77388.9,161846.73,0
26,53307.35,123874.57,0
56,164586.16,44353.15,0
24,9845.78,106190.68,1
64,144305.03,473812.15,1
43,145592.23,471439.38,1
57,83484.37,281978.36,1
45,38692.3,293253.57,1
62,160006.71,426958.37,1
40,42382.28,261972.04,1
50,89031.91,193326.96,0
33,10289.5,144363.54,1
38,115220.87,189361.32,0
44,186724.19,47420.84,0
51,64403.69,433313.08,1
63,77556.67,178061.91,1
44,149189.68,107828.41,0
46,163626.35,426407.61,1
46,60736.38,326045.83,1
31,51404.94,33618.66,0
30,83163.12,403370.02,1
56,150673.48,381215.36,1
63,54779.82,280030.79,1
20,152727.67,185830.39,0
63,101957.17,282321.94,1
51,44353.82,470574.72,1
52,96613.25,115146.98,0
34,49465.4,50294.66,0
34,16625.39,358915.07,1
26,117667.77,461911.6,1
60,181365.5,22258.04,0
56,85626.83,456349.49,1
46,53456.71,143591.49,1
47,162215.84,439582.22,1
55,114972.97,53820.72,0
46,61733.95,1277.65,0
40,142889.82,150030.02,0
40,9318.37,350469.95,1
28,137981.71,126063.64,0
54,107992.41,294882.96,1
21,35434.68,271780.96,1
28,188220.94,274952.69,0
25,118178.54,50941.6,0
56,45013.41,337313.86,1
60,126661.99,461295.5,1
36,61654.68,238221.92,1
24,176535.26,37725.02,0
58,40362.91,93054.59,1
46,95398.26,430567.17,1
40,149044.11,297838.41,0
24,9645.21,59055.48,1
27,5940.14,250714.17,1
29,48686.0,216291.35,1
61,29311.23,421263.76,1
43,42525.33,457265.62,1
26,166906.0,148473.68,0
51,76224.47,231477.66,1
45,18381.39,457883.2,1
34,55484.94,443935.25,1
23,174721.31,442953.8,0
37,189835.9,362975.01,0
19,125172.23,338444.59,1
26,122504.89,92639.19,0
39,194922.32,361620.2,0
34,176090.7,231359.12,0
55,52650.72,122191.25,1
61,74114.86,59359.81,0
62,6768.87,54249.9,1
63,49404.49,316545.5,1
51,136826.68,330053.97,1
57,56173.08,5900.7,0
29,192197.38,303793.18,0
46,69788.32,426840.0,1
57,176454.44,75093.14,0
64,144093.98,188845.43,0
39,8873.26,278194.83,1
60,83966.74,274469.34,1
42,69733.49,396280.87,1
57,151515.25,326115.42,0
57,92812.21,343927.35,1
64,49803.8,11398.06,0
29,68520.23,406330.17,1
33,170869.81,466782.2,1
28,9139.44,75657.88,1
52,155448.19,478590.06,1
19,120528.16,34612.32,0
23,7139.72,486475.29,1
46,60442.08,200214.77,1
59,94247.93,263245.22,1
18,156328.31,239394.03,0
42,74536.32,147309.51,0
48,54417.79,213176.32,1
19,36066.36,483912.46,1
64,68929.02,87152.45,0
53,119871.21,221446.35,0
54,105090.09,94855.98,0
29,8824.37,237543.11,1
53,133796.04,424949.75,1
33,109824.37,226079.72,0
25,51184.21,157151.91,1
44,64931.67,68965.92,0
65,85154.84,362593.25,1
61,165475.38,390307.79,1
26,180005.34,217446.71,0
40,91778.52,359047.39,1
27,160595.5,468524.69,1
43,130552.36,428851.97,1
21,97759.96,87808.15,0
22,160488.02,99176.37,0
23,62426.49,25038.86,0
35,88085.75,66240.71,0
46,7831.02,141572.01,1
32,173598.41,478614.63,1
56,87150.25,70574.33,0
41,51745.33,161381.19,1
64,195262.49,68505.18,0
40,135470.31,58808.15,0
61,130196.51,245467.06,0
49,115979.42,152852.29,0
33,111685.97,376132.84,1
52,48663.37,406218.48,1
53,187100.02,397525.33,0
56,109900.93,194878.26,0
23,10915.71,198990.8,1
29,14497.29,319412.78,1
34,188722.5,156201.76,0
58,174298.31,280784.66,0
60,19262.58,390250.82,1
59,168392.47,18566.81,0
24,126084.46,10571.76,0
23,96688.63,175007.08,0
59,47719.25,236929.72,1
45,148661.45,220188.15,0
24,42981.22,117001.32,1
23,159015.56,258684.56,0
62,58975.83,333348.35,1
60,16086.39,9520.74,0
40,34102.89,410321.88,1
21,120302.53,262354.59,0
60,17543.64,194031.65,1
20,64610.36,444913.87,1
39,58689.56,479677.16,1
42,148412.33,117645.93,0
25,99743.49,439175.8,1
53,136557.72,62416.18,0
59,138447.45,137069.93,0
55,6770.81,356323.15,1
23,112221.16,44886.12,0
20,139229.53,97892.17,0
62,150622.0,470555.87,1
27,147195.92,404864.16,1
32,193477.34,278778.89,0
59,199396.27,486738.89,1
55,142519.05,415336.76,1
52,5292.87,194476.59,1
56,182384.74,368764.95,0
57,137961.56,257044.04,0
63,192648.86,264520.93,0
64,89126.29,425781.81,1
57,136230.16,479001.17,1
46,161381.29,59270.3,0
51,152609.68,336663.18,0
25,31944.15,246753.5,1
56,137604.86,255880.91,0
65,102021.72,11760.59,0
36,191452.09,156082.58,0
38,168991.38,73500.24,0
60,109893.88,53856.8,0
37,38174.18,11835.05,0
30,170828.68,485592.55,1
35,130405.35,383889.79,1
60,161021.89,454336.56,1
47,22136.58,264407.98,1
54,43370.3,130539.75,1
25,116059.34,92955.49,0
52,65747.46,75309.13,0
36,134446.31,486604.88,1
61,196905.58,439887.37,1
63,53253.47,139304.62,1
41,52724.86,240221.09,1
53,11964.47,335692.53,1
52,62182.65,188736.42,1
42,142509.62,61331.65,0
45,64409.19,447344.0,1
50,159087.83,186766.01,0
20,114377.77,394819.93,1
22,33914.87,441630.61,1
49,183127.4,106137.33,0
50,126318.34,244128.4,0
47,29565.37,290057.3,1
61,182041.21,124686.1,0
48,177322.98,47363.91,0
49,152871.62,491568.95,1
36,101446.32,425890.33,1
36,40601.78,89307.63,0
60,180409.29,449044.72,1
57,138732.08,250461.07,0
24,40739.7,417837.15,1
45,11337.23,52721.38,1
37,24104.49,114686.05,1
39,186499.65,171320.74,0
28,87094.31,467517.14,1
55,184126.36,284414.93,0
61,5305.13,156006.33,1
43,185701.69,297496.91,0
24,24726.73,473053.97,1
32,29529.1,122816.24,1
64,48971.25,61040.2,0
31,14435.51,424994.49,1
39,24353.48,220723.6,1
27,54759.46,160175.8,1
40,36101.64,288627.06,1
51,26416.23,14641.26,0
20,84760.78,199448.04,0
45,34926.85,229029.15,1
22,75119.86,452069.87,1
40,57298.1,273221.33,1
46,156069.16,364860.53,0
64,156846.23,208303.86,0
36,104911.98,112065.59,0
52,21476.57,329080.76,1
50,149897.38,171268.4,0
20,80820.25,9669.28,0
44,110515.14,488127.49,1
48,34687.26,384127.15,1
34,114997.47,27970.75,0
61,107099.05,122498.37,0
38,80612.58,147105.59,0
26,121933.94,275950.91,0
23,134823.49,144802.24,0
38,197280.29,455666.51,0
40,171768.89,420047.13,1
34,7287.55,471877.98,1
41,159774.25,192404.37,0
18,82551.8,249440.99,1
37,45763.92,116091.84,1
45,67046.09,228870.88,1
41,179320.55,359872.71,0
30,138267.03,299059.06,0
37,125924.07,253771.18,0
19,42873.71,27625.74,0
25,11317.16,454447.46,1
62,95066.63,432912.84,1
39,122808.5,146158.7,0
54,131391.11,416835.25,1
28,66419.79,277126.55,1
48,126381.07,170255.63,0
48,40573.79,72543.06,0
39,58789.0,459459.04,1
43,117637.49,46293.15,0
41,138606.88,284822.6,0
37,161263.49,365716.19,0
29,82656.69,104896.7,0
30,70315.31,74989.11,0
31,103800.44,402468.67,1
53,144030.77,59887.11,0
40,98265.68,347102.15,1
18,162422.22,220490.73,0
27,37468.51,238698.55,1
65,140565.46,476167.26,1
29,168378.27,434203.64,1
62,187347.68,161870.53,0
21,54502.06,298794.83,1
61,69495.78,408485.15,1
53,165505.75,120879.87,0
23,161903.42,385321.82,0
50,181204.0,491511.01,1
35,115538.76,159644.25,0
33,137887.61,482761.14,1
35,144530.9,28866.22,0
61,168027.09,309345.14,0
36,78847.54,78620.88,0
30,50214.89,427408.08,1
35,147168.4,398598.45,1
63,192543.05,111600.06,0
59,63257.68,298313.3,1
61,137091.39,394039.84,1
41,51307.52,257860.32,1
54,154841.43,303234.8,0
51,100756.21,475900.86,1
37,9293.01,214472.13,1
40,90840.79,398416.83,1
65,77816.45,44423.87,0
61,130066.48,422323.48,1
38,117549.67,73631.6,0
47,179754.93,133564.78,0
40,82512.82,430394.94,1
45,51002.86,379424.53,1
40,138791.33,3948.22,0
41,33090.08,45111.1,0
36,195794.57,378139.63,0
65,52493.25,373946.27,1
27,77184.57,480266.94,1
31,104721.74,201351.86,0
61,161462.69,329337.27,0
62,162118.92,37599.2,0
49,59506.79,43242.59,0
58,25261.42,255555.3,1
55,158306.41,51281.04,0
27,194029.87,218713.6,0
49,80511.39,474607.16,1
65,177910.25,14452.64,0
54,112096.18,232818.79,0
55,33257.94,120387.26,1
54,39087.76,280412.3,1
37,167408.61,38729.8,0
21,159143.47,449440.93,1
27,67610.06,31913.36,0
35,127349.27,31201.99,0
53,26694.51,353961.36,1
57,179894.62,491867.53,1
65,28725.1,176123.36,1
19,79804.41,264550.49,1
30,154355.36,451679.17,1
18,96981.59,191193.45,0
33,53201.32,167190.3,1
31,110915.29,246363.75,0
58,12719.43,342485.55,1
38,44392.83,105999.66,0
19,139293.23,269065.02,0
37,160423.81,9470.28,0
51,26573.8,49095.92,0
21,165506.33,477132.59,1
34,77956.12,22114.14,0
53,7360.38,235426.15,1
24,135938.1,305617.29,0
65,114761.14,261201.23,1
57,88204.44,368502.51,1
54,122806.26,359517.74,1
31,151736.5,414530.44,1
37,78220.53,37169.7,0
43,9374.39,50835.83,1
39,117358.29,104718.17,0
21,135523.13,469813.44,1
19,95047.89,482776.45,1
22,147670.66,428173.77,1
59,196538.99,12372.82,0
29,50518.97,306624.29,1
25,132563.49,103653.05,0
23,20919.61,54981.55,1
27,172105.65,193756.29,0
62,54666.76,335165.82,1
48,132541.76,436693.39,1
31,71020.12,217557.58,1
28,190067.46,335571.27,0
55,92875.31,449403.17,1
38,63828.83,10027.32,0
65,51320.74,498259.81,1
21,191237.25,86037.19,0
64,77554.48,136.33,0
26,149512.49,122027.02,0
24,69220.91,99472.92,0
24,154662.64,412373.43,1
44,195446.1,441361.58,0
30,94888.17,230341.12,0
57,144636.66,489962.84,1
22,46993.94,368225.38,1
55,129248.35,484565.44,1
28,188323.45,151952.69,0
34,111160.08,187951.36,0
18,169080.42,15589.31,0
42,18175.28,333102.49,1
53,142515.82,493571.74,1
36,190600.81,292224.34,0
56,30726.29,495732.24,1
54,140839.25,436155.04,1
48,116914.74,45465.2,0
48,77094.77,327273.95,1
47,97058.37,383848.32,1
40,129762.23,253423.09,0
42,118900.85,398681.97,1
65,157675.55,72181.65,0
34,75631.15,236369.35,1
41,58546.43,488531.09,1
60,17539.23,85080.93,1
52,166276.27,475689.82,1
44,128415.3,245596.35,0
63,97977.18,316478.86,1
47,156943.54,126793.77,0
60,129701.47,416637.18,1
62,136214.1,410884.83,1
62,94626.53,105705.84,0
47,9759.77,330224.95,1
32,71945.25,123575.81,0
50,138472.55,330296.69,1
33,166147.31,345345.67,0
20,186402.33,484502.18,0
61,150231.31,177868.88,0
38,9078.76,149654.51,1
31,160352.24,499460.36,1
59,64209.36,341774.24,1
46,58128.4,217176.42,1
44,180052.87,173487.02,0
46,60922.96,335842.79,1
62,11112.81,279484.68,1
26,106624.88,288013.43,1
63,61848.64,450971.66,1
35,76106.78,58010.39,0
34,174211.04,460299.57,1
48,106981.85,443215.55,1
45,136657.93,349687.6,1
31,34253.84,148824.03,1
37,119213.7,489943.61,1
48,46732.39,270378.99,1
61,113067.43,413335.27,1
61,115399.06,374603.06,1
28,163755.24,499100.75,1
20,99569.47,139088.15,0
22,100703.86,160605.44,0
44,83132.2,236779.63,1
24,99623.31,6511.1,0
45,93228.07,94007.27,0
29,167981.36,190311.49,0
39,117474.27,394477.96,1
20,129311.46,324948.05,0
33,122291.35,488135.41,1
60,40989.22,142947.45,1
29,128754.97,439495.91,1
24,80486.47,42274.2,0
29,139981.77,455877.74,1
45,167211.14,119191.26,0
46,147001.72,119343.62,0
51,12953.44,117860.49,1
50,188715.87,174083.23,0
50,82522.25,163924.38,0
21,196717.57,258134.22,0
59,190068.97,259763.31,0
31,130374.7,184812.54,0
38,49836.13,356035.0,1
52,126564.49,120255.5,0
32,196462.52,468391.11,0
53,171057.97,403320.85,1
39,125821.83,193812.75,0
44,84304.5,297739.94,1
63,123118.95,360301.04,1
47,18532.03,408906.23,1
54,17626.36,128489.04,1
43,134653.05,441912.32,1
63,133783.54,495802.16,1
25,45231.95,271038.63,1
52,49046.81,372886.64,1
38,41967.82,35317.22,0
19,130891.97,372136.81,1
48,85434.2,479110.87,1
60,114803.82,362908.04,1
37,168198.48,161048.85,0
58,125145.35,469344.43,1
33,181181.34,174876.13,0
33,112407.04,82851.15,0
65,199918.42,161748.35,0
20,111930.95,308925.86,1
24,98772.62,441984.8,1
52,194311.23,174493.98,0
39,111757.46,212608.61,0
46,6896.33,348804.79,1
27,81891.87,14947.63,0
31,54292.5,430517.64,1
48,102721.31,71162.02,0
64,96005.79,88774.15,0
36,59750.44,231504.67,1
33,27266.03,47462.72,0
59,86550.92,363549.78,1
64,100145.55,190114.02,0
39,146207.53,253536.88,0
53,133394.56,424325.55,1
33,53022.18,13264.0,0
41,123639.37,85545.72,0
45,31974.66,147719.86,1
65,101056.17,87488.33,0
39,132497.95,109797.67,0
27,118126.07,175757.8,0
38,108709.98,27900.04,0
44,33857.63,448058.64,1
48,69976.13,402054.89,1
55,133759.65,372346.73,1
58,68274.55,56764.53,0
41,118301.98,2169.56,0
33,122156.05,36526.23,0
40,196817.85,225581.1,0
19,113900.14,270254.53,0
57,15337.09,319660.7,1
31,189619.84,19923.43,0
56,178547.8,265472.43,0
37,42464.32,79157.99,0
64,97131.63,378386.85,1
21,174286.87,32901.15,0
20,30703.41,499603.08,1
63,59099.01,243880.7,1
57,12932.91,423157.49,1
45,177695.24,439868.01,1
26,24053.84,239708.84,1
53,173468.97,20293.4,0
34,38916.51,167019.84,1
61,110908.35,429165.83,1
45,169160.88,445736.84,1
52,9420.43,480866.46,1
63,169017.37,126237.88,0
35,152836.97,25133.83,0
61,86460.43,493678.28,1
55,65332.68,364452.28,1
48,59018.17,158626.68,1
54,184347.33,423570.04,1
44,74657.86,36036.62,0
25,84399.51,118788.26,0
25,16217.0,126133.14,1
46,163096.45,48257.85,0
60,145126.11,490076.64,1
33,128099.8,286763.25,0
38,47509.86,108905.54,0
30,80383.09,480269.95,1
25,119535.47,112257.1,0
58,154164.92,457858.93,1
34,11767.12,35672.71,1
55,83365.52,184664.78,0
24,24107.72,116202.53,1
33,13788.88,69155.93,1
40,102221.43,237662.42,0
59,173836.89,175916.69,0
24,12700.08,62312.29,1
47,87351.66,323188.83,1
30,40245.72,417554.66,1
38,45484.09,174263.72,1
23,136938.8,304273.81,0
58,47903.86,16434.51,0
36,33516.01,227692.22,1
38,69674.11,110007.56,0
41,67733.99,56532.47,0
20,57783.67,454166.6,1
47,189299.9,300683.52,0
34,186697.18,131455.42,0
59,73863.1,483798.11,1
62,79216.4,31099.42,0
44,37011.88,239371.81,1
36,104513.84,437708.56,1
28,73783.23,370353.17,1
26,133637.07,99423.02,0
28,188187.33,487039.41,1
48,59401.01,375825.87,1
60,69720.68,202284.95,1
60,103882.97,92264.13,0
33,83595.83,199209.85,0
27,32576.34,183291.11,1
28,125153.23,84385.54,0
64,35673.78,418890.13,1
26,159140.13,400152.83,0
31,13654.24,322568.93,1
64,19675.51,153930.92,1
63,128849.68,267087.6,0
32,42387.38,237451.97,1
40,118173.34,379191.91,1
55,185412.64,61099.89,0
46,109343.59,110898.46,0
58,35183.32,200514.3,1
56,142447.47,251206.79,0
19,157158.21,347050.79,0
42,133808.31,295367.88,0
22,112618.46,404828.03,1
36,151736.29,382263.11,1
62,129940.64,175268.21,0
39,101374.48,8766.5,0
62,137464.47,465532.35,1
56,33747.57,214846.94,1
59,91275.35,43894.46,0
55,117107.21,442871.73,1
31,71201.02,221639.83,1
54,94275.83,19411.4,0
18,52496.15,395832.84,1
53,104108.09,364996.05,1
57,55722.08,127534.84,1
29,25522.79,83382.82,1
31,181910.25,190901.56,0
33,114682.78,262142.57,0
52,80231.74,340319.86,1
65,28736.24,471746.4,1
48,48878.1,25807.25,0
19,26404.14,112141.02,1
60,120470.96,399630.55,1
38,66395.23,229921.62,1
62,22498.01,363136.33,1
31,57881.74,172454.05,1
29,114511.85,212106.19,0
23,132084.07,188106.07,0
56,31395.91,214816.06,1
21,178875.74,348895.51,0
55,140710.22,485182.16,1
31,163628.5,46194.82,0
45,38357.84,420729.68,1
55,52188.61,83065.38,0
62,60151.26,444121.35,1
33,199048.65,40544.96,0
55,14769.28,431068.87,1
32,170125.12,49740.65,0
35,133976.33,425563.31,1
51,190587.78,9553.63,0
43,184010.65,95261.45,0
54,68929.46,96435.29,0
40,148917.96,26374.61,0
50,128558.3,206608.49,0
63,191251.13,325892.16,0
27,49319.41,159320.39,1
28,122353.76,20247.77,0
48,22397.73,139257.5,1
29,105221.59,373701.8,1
59,144660.57,429735.88,1
44,15202.58,201810.02,1
53,154569.55,257553.77,0
39,87248.08,447266.52,1
34,88706.4,496981.56,1
28,153702.76,129061.85,0
33,35042.69,227388.96,1
32,150578.16,308988.36,0
32,146142.46,195666.22,0
20,21514.95,491889.84,1
41,113842.44,292327.96,1
52,10059.82,237529.35,1
62,26300.9,6920.31,0
24,153134.62,13233.32,0
52,18859.49,50440.29,1
32,166197.08,171453.36,0
47,147302.61,205015.56,0
35,160997.49,256548.04,0
21,18361.98,229997.02,1
28,187647.18,246611.5,0
43,186109.39,114697.32,0
46,172602.1,91625.26,0
55,43050.7,420818.28,1
53,74682.62,413977.08,1
64,160687.2,242457.37,0
22,121652.26,440829.72,1
51,135050.78,276826.42,0
54,10418.58,384421.27,1
22,34745.9,11824.58,0
53,22594.62,274254.94,1
45,142843.32,248533.06,0
37,177333.04,63114.7,0
25,6317.6,201257.73,1
37,129665.68,107275.89,0
44,161031.03,323446.61,0
41,133555.79,187512.34,0
34,18738.06,448540.81,1
52,75707.22,475149.71,1
31,66569.83,242429.61,1
40,186780.63,277700.23,0
41,177881.54,323815.64,0
39,168243.73,378751.16,0
35,66974.95,435991.38,1
63,6959.24,106651.03,1
60,118897.77,263125.96,0
41,104716.46,98833.67,0
51,15895.2,295337.23,1
62,37500.12,91409.64,1
23,132407.07,183918.01,0
45,59103.85,260185.93,1
21,8738.47,184642.95,1
50,91493.28,298461.21,1
63,192927.22,348230.5,0
28,108214.04,353248.41,1
33,120404.85,78581.06,0
35,174312.24,101285.49,0
49,63004.99,104400.78,0
35,35394.67,443341.97,1
40,44115.84,251250.51,1
40,193625.23,379375.59,0
42,51159.12,424736.91,1
18,66220.88,474610.92,1
47,93455.12,28260.64,0
24,143007.1,153251.04,0
24,6349.57,179345.36,1
49,145712.44,139215.7,0
45,13678.2,216849.38,1
31,45515.54,496095.01,1
56,108103.83,76335.77,0
38,25113.48,296787.89,1
24,101790.38,90314.2,0
30,152392.84,259682.04,0
52,60294.17,371743.25,1
58,79714.68,435635.61,1
57,111436.75,52384.37,0
61,72778.63,420663.79,1
30,140096.67,202563.04,0
22,154758.31,167968.4,0
44,104402.66,248982.99,1
22,57900.64,465892.2,1
35,26851.95,182806.28,1
50,87885.11,430731.7,1
27,129805.32,262622.8,0
61,59734.92,369472.22,1
58,192925.48,372295.64,0
38,147138.9,158534.89,0
58,33173.83,113382.64,1
59,24851.53,96703.46,1
26,127104.72,250792.99,0
41,131092.39,301283.36,0
21,7466.63,342137.29,1
33,5278.43,160053.73,1
35,163338.25,167148.13,0
25,79618.82,102495.87,0
32,165686.97,67554.24,0
64,111286.26,360847.23,1
44,21907.39,209467.36,1
25,88884.14,489162.09,1
25,90573.35,253927.7,1
54,87631.34,377647.51,1
54,138189.79,221387.19,0
19,158227.51,86720.69,0
23,48380.05,143730.62,1
44,177373.71,168179.47,0
62,80620.59,55981.05,0
18,196509.41,11007.85,0
45,48443.08,178020.07,1
24,77887.87,376759.55,1
20,93033.38,140045.41,0
60,28475.83,399642.36,1
43,163595.86,385684.13,0
60,7985.08,276649.65,1
19,76961.5,298306.07,1
26,93347.19,2281.65,0
27,63576.31,153410.4,0
33,161350.11,393960.53,0
63,58100.73,110651.28,0
25,81173.65,362714.99,1
32,152625.34,407555.68,1
38,111962.71,430019.22,1
39,35875.06,254364.95,1
35,164407.23,97567.81,0
61,7193.81,477048.78,1
23,15685.42,248157.56,1
62,184239.94,353074.8,0
23,7576.44,177757.45,1
31,76613.18,61527.0,0
39,116389.86,467638.01,1
35,126584.51,144998.74,0
48,160677.47,411420.95,1
44,25246.86,313067.2,1
32,175864.44,281125.6,0
30,20941.47,455676.27,1
61,151218.04,200851.86,0
38,180300.52,190276.48,0
34,83274.46,310788.73,1
47,126100.06,159707.41,0
23,10670.34,274402.58,1
24,147127.28,95003.42,0
27,44291.17,11798.49,0
57,129396.1,298438.12,1
50,106999.43,50226.3,0
54,102181.92,262001.86,1
25,166494.29,240613.72,0
38,156292.6,45135.8,0
26,72245.72,205535.67,1
42,95183.31,127103.66,0
32,179278.37,436886.15,0
19,193159.02,374274.23,0
19,110770.05,65195.24,0
54,132125.28,76713.29,0
27,147763.59,34044.49,0
62,21595.75,15620.53,0
61,174277.87,364561.43,0
57,34415.76,30346.16,0
46,53249.64,8303.7,0
57,157467.32,221315.72,0
35,195155.76,413006.79,0
53,196308.63,302001.09,0
36,175776.56,215868.48,0
54,46987.37,125882.63,1
52,85154.99,275188.3,1
63,74500.7,498705.81,1
63,141827.45,404094.42,1
54,72224.3,389569.6,1
28,83401.89,269517.86,1
42,21320.87,455414.74,1
31,81638.68,102490.99,0
56,39295.23,196838.69,1
55,72822.45,444981.77,1
64,91702.72,63986.4,0
35,197317.24,230028.29,0
27,100180.56,53011.9,0
33,113410.17,65216.31,0
25,90997.03,205039.26,0
42,29433.99,93256.28,1
41,115427.86,466026.08,1
42,79302.7,350976.42,1
48,115045.84,449423.93,1
52,130355.3,43954.82,0
38,148967.92,378347.16,1
20,114689.85,479814.14,1
52,19059.5,313198.06,1
64,6732.31,40908.41,1
55,104438.2,147456.87,0
43,46444.78,264824.02,1
60,38410.63,55860.24,0
32,173309.44,496469.9,1
22,187281.53,454133.71,0
34,174683.76,397568.63,0
21,154471.67,189853.59,0
62,121554.84,418971.95,1
18,139118.8,286949.66,0
56,178165.32,118163.11,0
40,122614.43,235328.31,0
46,75046.48,436017.11,1
31,41407.57,283681.53,1
21,94627.15,204667.87,0
36,174703.4,441653.22,1
41,50177.22,152586.51,1
42,88702.69,198229.73,0
21,188472.71,224367.95,0
63,39902.81,140880.78,1
38,166977.33,203996.11,0
45,130653.05,157068.64,0
51,108370.0,495839.17,1
19,146985.27,439936.77,1
50,130562.43,64821.02,0
57,137891.65,215979.8,0
21,179394.33,343866.0,0
42,71792.96,426823.35,1
29,141495.61,268405.83,0
63,17029.59,259751.81,1
59,196265.46,166079.28,0
41,30581.75,36264.61,0
34,5869.72,78434.37,1
22,158781.8,461017.59,1
48,187447.14,480958.76,1
27,39663.56,260590.73,1
21,114358.88,397663.79,1
21,180948.26,225808.61,0
28,29792.4,177894.64,1
27,63938.92,307971.94,1
26,84009.01,439108.58,1
47,184200.51,405196.47,0
28,61959.69,126622.18,0
49,113442.46,144575.52,0
56,196371.01,227270.17,0
27,153028.8,313184.24,0
44,141586.28,122730.68,0
65,72207.09,205482.7,1
50,93393.65,399348.73,1
24,53216.76,3148.51,0
50,29053.9,479177.32,1
28,106859.24,107630.68,0
43,78880.27,181510.92,0
65,10639.83,458206.56,1
41,121953.63,129637.51,0
53,100594.89,473765.56,1
18,161401.82,60594.0,0
25,64647.98,181230.68,1
40,194456.9,375520.19,0
32,62391.92,329786.91,1
46,31218.56,108777.07,1
32,165749.9,230880.71,0
18,182276.73,394457.23,0
47,124694.74,82489.48,0
59,89257.5,245296.56,1
38,111017.46,21328.3,0
36,171314.44,459322.7,1
25,151433.74,225379.0,0
38,114412.72,246410.93,0
62,198768.25,389214.22,0
56,13091.66,88219.99,1
62,120333.05,356939.31,1
35,169407.64,211256.37,0
19,176059.36,476633.9,1
46,101731.0,139602.62,0
25,47939.02,275224.53,1
59,182142.55,112520.95,0
22,26260.97,185473.84,1
46,92635.08,152831.57,0
41,86091.24,327679.25,1
27,148000.49,304122.87,0
40,101962.39,375576.88,1
60,76902.22,300046.11,1
35,103216.07,495238.17,1
49,154599.76,142677.45,0
29,75438.31,370444.81,1
52,93809.8,391105.22,1
65,22933.26,378828.56,1
41,152496.71,215517.35,0
41,25980.81,37378.94,0
59,25323.01,149871.59,1
46,78876.92,436311.73,1
25,175565.54,57927.64,0
46,62905.2,55349.23,0
63,146285.94,415360.66,1
58,112500.95,381916.13,1
47,74494.26,239314.46,1
61,50585.5,173133.78,1
53,77595.09,439974.05,1
36,93147.45,348084.77,1
59,61199.29,253161.2,1
21,36679.13,62997.23,0
30,70586.53,407282.23,1
54,51687.76,330218.26,1
38,127667.22,30434.28,0
57,135055.57,85451.76,0
45,10766.48,447341.33,1
45,194175.39,380640.56,0
20,24332.81,320471.96,1
21,79799.35,413631.21,1
38,168500.85,5748.06,0
35,96574.23,351398.62,1
55,18381.33,19373.55,0
39,81862.68,282618.83,1
49,13763.79,136058.05,1
30,191736.69,480210.95,0
45,62800.88,409644.67,1
45,139586.41,127937.56,0
48,97305.25,122309.03,0
30,61235.94,470738.29,1
54,17575.82,40919.38,1
39,5462.94,109155.41,1
53,123607.99,118627.92,0
39,61918.66,397529.8,1
23,176477.62,369096.88,0
64,119404.11,426375.92,1
42,39818.43,102256.61,1
51,137130.37,390535.5,1
31,90897.13,9190.44,0
30,10263.83,242542.35,1
50,13862.52,432283.66,1
48,129599.05,391376.81,1
57,126904.76,425425.82,1
18,56923.96,176118.93,1
52,143023.27,91822.92,0
50,163521.61,68326.68,0
61,107147.08,198302.69,0
62,14971.8,206271.83,1
53,153379.16,328900.14,0
24,156472.35,73296.4,0
49,162927.52,123815.98,0
51,128851.0,363246.36,1
53,183289.75,166585.7,0
55,88078.78,391106.52,1
22,136191.74,199373.82,0
41,53424.07,391444.69,1
41,17792.27,128397.33,1
20,178354.35,137539.33,0
52,186086.43,256031.81,0
59,23563.09,442197.34,1
19,19178.92,89751.77,1
41,89372.61,263177.1,1
23,185102.44,67044.41,0
33,109254.93,411103.93,1
52,199050.05,370492.87,0
64,145558.71,288197.82,0
27,194792.1,353612.16,0
33,132576.0,338854.81,1
45,172625.47,227982.46,0
50,149755.38,40662.04,0
25,167616.67,57950.77,0
36,187928.47,158595.05,0
30,137959.59,272194.13,0
29,102249.99,405055.2,1
48,173716.42,1977.76,0
45,127356.46,207661.14,0
62,28887.74,408124.07,1
45,79753.96,180476.35,0
52,77388.96,209694.09,1
62,147506.54,106774.71,0
20,10812.28,139024.48,1
43,83477.23,269250.66,1
50,55653.44,434811.2,1
53,115938.13,451532.0,1
49,52554.64,8863.84,0
40,148837.66,433785.76,1
33,60377.05,201831.75,1
36,21570.18,479609.92,1
58,129390.76,211018.3,0
38,166569.25,31597.15,0
50,29487.71,260377.71,1
30,196564.75,108865.69,0
48,150812.35,97780.65,0
65,144540.02,127745.78,0
63,30662.15,381950.81,1
36,45042.26,232895.05,1
44,169867.91,394948.55,0
40,109644.22,109346.36,0
29,148493.8,187004.26,0
56,35514.61,310428.41,1
33,186518.59,233407.53,0
56,157036.5,248231.36,0
49,144267.44,189323.06,0
27,190341.43,437737.73,0
19,86222.28,165649.87,0
42,61725.27,445816.88,1
20,49547.93,25853.34,0
47,197394.47,255784.03,0
64,85945.15,354581.31,1
61,144648.96,24421.36,0
18,60084.65,31049.9,0
60,59410.09,20426.97,0
54,118022.7,447342.8,1
47,137950.73,208088.14,0
49,30205.16,287636.37,1
54,119719.33,205091.42,0
33,124705.31,162945.45,0
49,162283.59,485225.39,1
22,107924.93,104255.02,0
46,40322.71,430020.42,1
23,196728.3,312171.08,0
38,92584.03,454764.53,1
27,109001.98,46540.75,0
42,194367.1,411906.2,0
46,187241.18,20561.17,0
41,134658.86,33724.77,0
43,38721.88,45643.97,0
20,37098.45,12230.22,0
29,89662.97,404158.21,1
60,34037.49,466878.82,1
40,136883.06,161796.99,0
42,176245.49,38873.57,0
20,64617.02,163378.62,0
22,110200.32,152664.58,0
53,26988.84,430748.24,1
33,54269.52,104069.84,0
43,34877.28,130478.59,1
34,35731.32,144902.31,1
51,78130.61,216074.43,1
37,116957.42,269831.1,0
34,28399.39,337954.97,1
18,76378.39,21633.38,0
26,39680.26,364061.03,1
52,110344.13,10590.54,0
31,117918.85,25464.01,0
26,22380.08,264079.39,1
58,186037.31,314398.27,0
64,95848.38,91836.49,0
19,199764.73,21362.98,0
56,154130.8,440813.78,1
20,188594.08,50297.38,0
32,142791.62,82075.17,0
23,12715.12,403150.04,1
38,177215.6,7008.13,0
20,104809.99,56460.87,0
39,179844.9,183028.66,0
22,114598.85,270650.37,0
39,146814.17,459683.11,1
31,16031.45,371853.53,1
55,103324.55,440115.61,1
42,180260.23,394801.54,0
55,26611.83,196144.43,1
43,142218.79,465163.41,1
62,156312.07,148840.32,0
35,198310.39,272145.53,0
32,32995.12,41976.12,0
35,98214.7,292740.81,1
20,150263.3,335970.37,0
35,181172.45,396233.31,0
57,178577.78,179371.43,0
46,13721.1,327292.94,1
41,70805.92,418060.94,1
18,29866.51,372792.45,1
61,177321.06,208488.9,0
58,67506.78,381328.17,1
44,199527.67,67619.43,0
30,191997.81,362487.03,0
45,31195.54,469764.58,1
43,65284.06,453986.67,1
50,47701.27,73002.26,0
56,26994.75,283835.71,1
39,91494.61,389930.06,1
57,131054.55,128160.7,0
49,7551.62,321612.99,1
50,97114.02,450431.36,1
28,145058.86,145310.58,0
24,171012.28,231149.79,0
64,71927.95,250012.38,1
58,61831.07,461923.06,1
57,192129.55,252209.76,0
46,49951.79,431724.61,1
51,180361.24,378255.54,0
38,10069.84,443541.02,1
25,107570.71,49315.1,0
41,182846.35,144623.16,0
39,50292.65,383672.61,1
55,47869.13,497710.93,1
54,99323.33,448947.89,1
41,195538.69,341023.79,0
42,135569.37,403761.57,1
37,162688.7,84307.05,0
46,176998.96,80340.7,0
32,30753.39,464705.82,1
59,108666.74,137603.79,0
33,150898.91,43866.77,0
19,111351.79,246719.13,0
55,101561.44,448390.92,1
52,101641.27,464882.7,1
28,195055.35,90933.39,0
35,46151.91,276791.47,1
21,113509.21,259562.85,0
30,164562.04,273214.34,0
50,20506.05,491056.71,1
52,119155.37,407927.46,1
26,137989.64,48559.27,0
37,189234.16,58221.33,0
43,74618.79,405603.98,1
45,27138.14,222718.24,1
42,23774.52,120276.1,1
63,191632.4,12089.86,0
21,152831.38,363064.18,0
57,125860.32,131422.05,0
45,47741.34,403350.32,1
62,120759.31,4013.46,0
48,87169.06,131279.61,0
21,68597.97,108578.5,0
49,195634.86,268448.02,0
52,80219.55,432933.77,1
64,55282.93,175572.77,1
27,97338.11,416973.37,1
30,125631.56,351499.82,1
29,194604.23,321390.92,0
44,41817.74,329780.64,1
65,70785.42,472710.88,1
40,191161.02,425201.19,0
59,122989.86,169240.83,0
56,66164.24,261995.21,1
28,83058.83,136258.37,0
51,146742.56,75058.36,0
35,26287.3,413348.32,1
31,87000.23,413125.26,1
40,77737.4,389143.0,1
39,39154.7,388962.94,1
19,124507.96,492101.04,1
64,104607.12,448273.46,1
50,12393.04,347699.6,1
42,68380.46,43362.61,0
42,18369.33,3574.8,0
30,162775.02,435043.42,1
60,151598.81,166668.41,0
51,62073.93,481073.95,1
29,106585.35,292497.47,1
35,130343.14,108083.78,0
50,175618.59,351571.27,0
31,78532.74,9356.95,0
27,22249.85,14373.8,0
52,24278.35,310553.7,1
61,69856.94,416057.45,1
43,124246.46,36370.33,0
62,28876.28,4506.21,0
46,103332.29,287750.33,1
52,179423.64,128410.41,0
27,197059.54,353383.23,0
46,77777.62,25848.51,0
49,8148.93,236912.09,1
50,117970.78,377907.94,1
26,199048.09,426679.45,0
42,163476.09,98259.09,0
21,164312.09,319551.6,0
44,103436.67,37657.83,0
38,23387.43,353952.33,1
